10th_century History.General_history History General_history
11th_century History.General_history History General_history
12th_century History.General_history History General_history
13th_century History.General_history History General_history
14th_century History.General_history History General_history
15th_century History.General_history History General_history
16th_century History.General_history History General_history
17th_century History.General_history History General_history
18th_century History.General_history History General_history
19th_century History.General_history History General_history
1_Ceres Science.Physics.Space_Astronomy Science Physics Space_Astronomy
20th_century History.General_history History General_history
3rd_century History.General_history History General_history
4th_century History.General_history History General_history
5th_century History.General_history History General_history
6th_century History.General_history History General_history
7th_century History.General_history History General_history
8th_century History.General_history History General_history
9th_century History.General_history History General_history
Abacus Everyday_life.Everyday_life Everyday_life Everyday_life
Abacus Mathematics Mathematics
Accra Geography.African_Geography Geography African_Geography
Acid_rain Citizenship.Environment Citizenship Environment
Acid_rain Geography.General_Geography Geography General_Geography
Afghan_Hound Science.Biology.Mammals Science Biology Mammals
Afghanistan Countries Countries
Afghanistan Geography.Geography_of_Asia.Asian_Countries Geography Geography_of_Asia Asian_Countries
Africa Geography.African_Geography Geography African_Geography
African_slave_trade History.General_history History General_history
Albert_Einstein People.Astronomers_and_physicists People Astronomers_and_physicists
Alexander_Graham_Bell People.Engineers_and_inventors People Engineers_and_inventors
Alexander_the_Great People.Military_People People Military_People
Alfred_the_Great History.British_History.British_History_1500_and_before_including_Roman_Britain History British_History British_History_1500_and_before_including_Roman_Britain
Alfred_the_Great People.Military_People People Military_People
Alfred_the_Great People.Monarchs_of_Great_Britain People Monarchs_of_Great_Britain
Aluminium Science.Chemistry.Chemical_elements Science Chemistry Chemical_elements
Ancient_Egypt History.Ancient_History_Classical_History_and_Mythology History Ancient_History_Classical_History_and_Mythology
Ancient_Greece History.Ancient_History_Classical_History_and_Mythology History Ancient_History_Classical_History_and_Mythology
Ancient_Rome History.Ancient_History_Classical_History_and_Mythology History Ancient_History_Classical_History_and_Mythology
Anno_Domini History.General_history History General_history
Archaeology History.Archaeology History Archaeology
Archbishop_of_Canterbury People.Religious_figures_and_leaders People Religious_figures_and_leaders
Aristotle People.Philosophers People Philosophers
Arithmetic Mathematics Mathematics
Art Art.Art Art Art
Asia Geography.Geography_of_Asia Geography Geography_of_Asia
Asteroid Science.Physics.Space_Astronomy Science Physics Space_Astronomy
Astrology Everyday_life.Recreation Everyday_life Recreation
Astronomy Science.Physics.Space_Astronomy Science Physics Space_Astronomy
Atlantic_Ocean Geography.General_Geography Geography General_Geography
Atlantic_slave_trade History.British_History.British_History_17501900 History British_History British_History_17501900
Autumn Geography.Climate_and_the_Weather Geography Climate_and_the_Weather
Aztec History.Ancient_History_Classical_History_and_Mythology History Ancient_History_Classical_History_and_Mythology
Bamako Geography.African_Geography Geography African_Geography
Battle_of_Cannae History.Pre_1900_Military History Pre_1900_Military
Battle_of_Marathon History.Ancient_History_Classical_History_and_Mythology History Ancient_History_Classical_History_and_Mythology
Battle_of_the_Santa_Cruz_Islands History.World_War_II History World_War_II
Bible Religion.Religious_texts Religion Religious_texts
Bill_Gates People.Computing_People People Computing_People
Biology Science.Biology.General_Biology Science Biology General_Biology
Black_Death History.General_history History General_history
British_Empire History.British_History History British_History
Bronze_Age History.Ancient_History_Classical_History_and_Mythology History Ancient_History_Classical_History_and_Mythology
Camel Science.Biology.Mammals Science Biology Mammals
Canadian_English Language_and_literature.Languages Language_and_literature Languages
Charlemagne People.Historical_figures People Historical_figures
Charles_I_of_England History.British_History.British_History_15001750 History British_History British_History_15001750
Charles_I_of_England People.Monarchs_of_Great_Britain People Monarchs_of_Great_Britain
Chemistry Science.Chemistry.General_Chemistry Science Chemistry General_Chemistry
China Countries Countries
China Geography.Geography_of_Asia.Asian_Countries Geography Geography_of_Asia Asian_Countries
Christianity Religion.Religious_movements_traditions_and_organizations Religion Religious_movements_traditions_and_organizations
Chromatic_aberration Science.Physics.Space_Astronomy Science Physics Space_Astronomy
Civilization Citizenship.Culture_and_Diversity Citizenship Culture_and_Diversity
Clay Geography.Geology_and_geophysics Geography Geology_and_geophysics
Climate Geography.General_Geography Geography General_Geography
Clock Design_and_Technology.Engineering Design_and_Technology Engineering
Cloud Geography.Climate_and_the_Weather Geography Climate_and_the_Weather
Cocoa Everyday_life.Food_and_agriculture Everyday_life Food_and_agriculture
Colombia Countries Countries
Colombia Geography.Central_and_South_American_Geography.Central_and_South_American_Countries Geography Central_and_South_American_Geography Central_and_South_American_Countries
Color Science.Physics.General_Physics Science Physics General_Physics
Continent Geography.General_Geography Geography General_Geography
Copper Science.Chemistry.Chemical_elements Science Chemistry Chemical_elements
Crusades History.Pre_1900_Military History Pre_1900_Military
Crusades Religion.Religious_disputes Religion Religious_disputes
Culture Everyday_life.Everyday_life Everyday_life Everyday_life
Cyberpunk Language_and_literature.Literature_types Language_and_literature Literature_types
Dark_Ages History.General_history History General_history
Delhi Geography.Geography_of_Asia Geography Geography_of_Asia
Dice Everyday_life.Games Everyday_life Games
Earth Science.Physics.The_Planets Science Physics The_Planets
Earth%27s_atmosphere Geography.Climate_and_the_Weather Geography Climate_and_the_Weather
Edward_III_of_England History.British_History.British_History_1500_and_before_including_Roman_Britain History British_History British_History_1500_and_before_including_Roman_Britain
Edward_II_of_England History.British_History.British_History_1500_and_before_including_Roman_Britain History British_History British_History_1500_and_before_including_Roman_Britain
Edward_II_of_England People.Monarchs_of_Great_Britain People Monarchs_of_Great_Britain
Egypt Countries Countries
Egypt Geography.African_Geography.African_Countries Geography African_Geography African_Countries
Electrical_engineering Design_and_Technology.Engineering Design_and_Technology Engineering
Elizabeth_II_of_the_United_Kingdom History.British_History.British_History_Post_1900 History British_History British_History_Post_1900
Elizabeth_II_of_the_United_Kingdom People.Political_People People Political_People
Elizabeth_I_of_England People.Monarchs_of_Great_Britain People Monarchs_of_Great_Britain
Engineering Design_and_Technology.Engineering Design_and_Technology Engineering
England Geography.Geography_of_Great_Britain Geography Geography_of_Great_Britain
English_language Language_and_literature.Languages Language_and_literature Languages
English_peasants%27_revolt_of_1381 History.British_History.British_History_1500_and_before_including_Roman_Britain History British_History British_History_1500_and_before_including_Roman_Britain
Ernest_Rutherford History.British_History.British_History_17501900 History British_History British_History_17501900
Ernest_Rutherford People.Engineers_and_inventors People Engineers_and_inventors
Europe Geography.European_Geography Geography European_Geography
European_Union Citizenship.Politics_and_government Citizenship Politics_and_government
Film Everyday_life.Films Everyday_life Films
Fire Science.Chemistry.General_Chemistry Science Chemistry General_Chemistry
First_Macedonian_War History.Pre_1900_Military History Pre_1900_Military
Fishing Everyday_life.Food_and_agriculture Everyday_life Food_and_agriculture
Flag_of_the_Republic_of_China Geography.General_Geography Geography General_Geography
Flute Music.Musical_Instruments Music Musical_Instruments
Football Everyday_life.Sports Everyday_life Sports
France Countries Countries
France Geography.European_Geography.European_Countries Geography European_Geography European_Countries
Frederick_II%2C_Holy_Roman_Emperor People.Historical_figures People Historical_figures
French_language Language_and_literature.Languages Language_and_literature Languages
French_Revolution History.General_history History General_history
Galaxy Science.Physics.Space_Astronomy Science Physics Space_Astronomy
Gas_giant Science.Physics.Space_Astronomy Science Physics Space_Astronomy
Genghis_Khan People.Historical_figures People Historical_figures
Geography Geography.General_Geography Geography General_Geography
Geometry Mathematics Mathematics
German_language Language_and_literature.Languages Language_and_literature Languages
German_reunification History.Recent_History History Recent_History
Germany Countries Countries
Germany Geography.European_Geography.European_Countries Geography European_Geography European_Countries
Glass Science.Chemistry.Materials_science Science Chemistry Materials_science
God Religion.Divinities Religion Divinities
Gold Science.Chemistry.Chemical_elements Science Chemistry Chemical_elements
Great_Wall_of_China Design_and_Technology.Architecture Design_and_Technology Architecture
Greece Countries Countries
Greece Geography.European_Geography.European_Countries Geography European_Geography European_Countries
Greek_mythology Religion.Myths Religion Myths
Greenland Countries Countries
Greenland Geography.North_American_Geography Geography North_American_Geography
Guild Business_Studies.Business Business_Studies Business
Guinness Everyday_life.Drink Everyday_life Drink
Gunpowder Science.Chemistry.General_Chemistry Science Chemistry General_Chemistry
Henry_VIII_of_England People.Monarchs_of_Great_Britain People Monarchs_of_Great_Britain
Henry_VI_of_England History.British_History.British_History_1500_and_before_including_Roman_Britain History British_History British_History_1500_and_before_including_Roman_Britain
Henry_VI_of_England People.Monarchs_of_Great_Britain People Monarchs_of_Great_Britain
History History.British_History History British_History
History_of_Greece History.Ancient_History_Classical_History_and_Mythology History Ancient_History_Classical_History_and_Mythology
History_of_science History.British_History History British_History
History_of_science Science.Physics.General_Physics Science Physics General_Physics
HIV Science.Biology.Health_and_medicine Science Biology Health_and_medicine
Holy_Roman_Empire History.General_history History General_history
Homestar_Runner Everyday_life.Cartoons Everyday_life Cartoons
Honey_bee Science.Biology.Insects_Reptiles_and_Fish Science Biology Insects_Reptiles_and_Fish
Hong_Kong Countries Countries
Hong_Kong Geography.Geography_of_Asia.Asian_Countries Geography Geography_of_Asia Asian_Countries
Human Science.Biology.Mammals Science Biology Mammals
Hundred_Years%27_War History.British_History.British_History_1500_and_before_including_Roman_Britain History British_History British_History_1500_and_before_including_Roman_Britain
Ibn_Battuta History.Ancient_History_Classical_History_and_Mythology History Ancient_History_Classical_History_and_Mythology
Ibn_Battuta People.Religious_figures_and_leaders People Religious_figures_and_leaders
Ice Science.Chemistry.Chemical_compounds Science Chemistry Chemical_compounds
Ice Science.Physics.General_Physics Science Physics General_Physics
Ice_age Geography.Climate_and_the_Weather Geography Climate_and_the_Weather
Imperative_programming IT.Computer_Programming IT Computer_Programming
Imperial_Japanese_Navy History.Military_History_and_War History Military_History_and_War
Inca_Empire History.Ancient_History_Classical_History_and_Mythology History Ancient_History_Classical_History_and_Mythology
Inca_Empire History.General_history History General_history
India Countries Countries
India Geography.Geography_of_Asia.Asian_Countries Geography Geography_of_Asia Asian_Countries
Industrial_Revolution History.General_history History General_history
Information Everyday_life.Everyday_life Everyday_life Everyday_life
Information Mathematics Mathematics
Internet Citizenship.Media Citizenship Media
Internet IT.Websites_and_the_Internet IT Websites_and_the_Internet
IPod Design_and_Technology.Engineering Design_and_Technology Engineering
IPod IT.Computing_hardware_and_infrastructure IT Computing_hardware_and_infrastructure
Iran Countries Countries
Iran Geography.Geography_of_the_Middle_East.Middle_Eastern_Countries Geography Geography_of_the_Middle_East Middle_Eastern_Countries
Iron Geography.Geology_and_geophysics Geography Geology_and_geophysics
Iron Science.Chemistry.Chemical_elements Science Chemistry Chemical_elements
Isaac_Newton People.Astronomers_and_physicists People Astronomers_and_physicists
Islam Religion.Religious_movements_traditions_and_organizations Religion Religious_movements_traditions_and_organizations
Issyk_Kul Geography.General_Geography Geography General_Geography
Italy Countries Countries
Italy Geography.European_Geography.European_Countries Geography European_Geography European_Countries
ITunes Design_and_Technology.Engineering Design_and_Technology Engineering
James_I_of_England History.British_History.British_History_15001750 History British_History British_History_15001750
James_I_of_England People.Monarchs_of_Great_Britain People Monarchs_of_Great_Britain
Japan Countries Countries
Japan Geography.Geography_of_Asia.Asian_Countries Geography Geography_of_Asia Asian_Countries
Jesus People.Religious_figures_and_leaders People Religious_figures_and_leaders
Jesus Religion.Divinities Religion Divinities
Joan_of_Arc People.Military_People People Military_People
John_F._Kennedy People.USA_Presidents People USA_Presidents
John_Locke People.Philosophers People Philosophers
Jupiter Science.Physics.The_Planets Science Physics The_Planets
Katana History.Military_History_and_War History Military_History_and_War
Labor_Day_Hurricane_of_1935 Geography.Natural_Disasters Geography Natural_Disasters
Lake_Kivu Geography.African_Geography Geography African_Geography
Law Citizenship.Law Citizenship Law
Leonardo_da_Vinci People.Artists People Artists
Leonardo_da_Vinci People.Engineers_and_inventors People Engineers_and_inventors
Light Science.Physics.General_Physics Science Physics General_Physics
Linux IT.Software IT Software
Literature Language_and_literature.General_Literature Language_and_literature General_Literature
Macintosh IT.Computing_hardware_and_infrastructure IT Computing_hardware_and_infrastructure
Malcolm_X People.Religious_figures_and_leaders People Religious_figures_and_leaders
Marco_Polo People.Geographers_and_explorers People Geographers_and_explorers
Mars Science.Physics.The_Planets Science Physics The_Planets
Mathematics Mathematics Mathematics
Mecca Religion.Religious_movements_traditions_and_organizations Religion Religious_movements_traditions_and_organizations
Mediterranean_Sea Geography.General_Geography Geography General_Geography
Microsoft_Windows IT.Software IT Software
Middle_Ages History.General_history History General_history
Middle_East Geography.General_Geography Geography General_Geography
Ming_Dynasty History.Ancient_History_Classical_History_and_Mythology History Ancient_History_Classical_History_and_Mythology
Minnesota Geography.North_American_Geography Geography North_American_Geography
Minoan_civilization History.Ancient_History_Classical_History_and_Mythology History Ancient_History_Classical_History_and_Mythology
Morocco Countries Countries
Morocco Geography.African_Geography.African_Countries Geography African_Geography African_Countries
Names_of_God_in_Judaism Religion.Divinities Religion Divinities
Nature Science.Biology.General_Biology Science Biology General_Biology
Nazi_Germany History.World_War_II History World_War_II
Neutron Science.Physics.General_Physics Science Physics General_Physics
New_Zealand Countries Countries
New_Zealand Geography.Geography_of_Oceania_Australasia Geography Geography_of_Oceania_Australasia
Niger Countries Countries
Niger Geography.African_Geography.African_Countries Geography African_Geography African_Countries
Nigeria Countries Countries
Nigeria Geography.African_Geography.African_Countries Geography African_Geography African_Countries
Norman_conquest_of_England History.British_History.British_History_1500_and_before_including_Roman_Britain History British_History British_History_1500_and_before_including_Roman_Britain
North_America Geography.North_American_Geography Geography North_American_Geography
Norway Countries Countries
Norway Geography.European_Geography.European_Countries Geography European_Geography European_Countries
Nuclear_weapon History.Military_History_and_War History Military_History_and_War
Ocean Geography.Geology_and_geophysics Geography Geology_and_geophysics
Oliver_Cromwell People.Historical_figures People Historical_figures
Oliver_Cromwell People.Monarchs_of_Great_Britain People Monarchs_of_Great_Britain
Optical_fiber Science.Physics.General_Physics Science Physics General_Physics
Ordination_of_women Religion.Religious_disputes Religion Religious_disputes
Ottoman_Empire History.Ancient_History_Classical_History_and_Mythology History Ancient_History_Classical_History_and_Mythology
Pacific_Ocean Geography.General_Geography Geography General_Geography
Paul_McCartney People.Performers_and_composers People Performers_and_composers
Persian_Empire History.Ancient_History_Classical_History_and_Mythology History Ancient_History_Classical_History_and_Mythology
Peru Countries Countries
Peru Geography.Central_and_South_American_Geography.Central_and_South_American_Countries Geography Central_and_South_American_Geography Central_and_South_American_Countries
Philosophy Religion.Philosophy Religion Philosophy
Physics Science.Physics.General_Physics Science Physics General_Physics
Planet Science.Physics.The_Planets Science Physics The_Planets
Plato People.Philosophers People Philosophers
Pope Religion.Religious_movements_traditions_and_organizations Religion Religious_movements_traditions_and_organizations
President_of_the_United_States Citizenship.Politics_and_government Citizenship Politics_and_government
Probability_theory Mathematics Mathematics
Prospecting Business_Studies.Business Business_Studies Business
Qing_Dynasty History.General_history History General_history
Rain Geography.Climate_and_the_Weather Geography Climate_and_the_Weather
Rainbow Geography.Climate_and_the_Weather Geography Climate_and_the_Weather
Red_dwarf Science.Physics.Space_Astronomy Science Physics Space_Astronomy
Religion Religion.Religious_movements_traditions_and_organizations Religion Religious_movements_traditions_and_organizations
Renaissance History.General_history History General_history
Rice Everyday_life.Food_and_agriculture Everyday_life Food_and_agriculture
Roman_Britain History.British_History.British_History_1500_and_before_including_Roman_Britain History British_History British_History_1500_and_before_including_Roman_Britain
Roman_Catholic_Church Religion.Religious_movements_traditions_and_organizations Religion Religious_movements_traditions_and_organizations
Roman_Empire History.Ancient_History_Classical_History_and_Mythology History Ancient_History_Classical_History_and_Mythology
Roman_Empire History.British_History.British_History_1500_and_before_including_Roman_Britain History British_History British_History_1500_and_before_including_Roman_Britain
Roman_mythology Religion.Myths Religion Myths
Rome Geography.European_Geography Geography European_Geography
Ronald_Reagan People.USA_Presidents People USA_Presidents
Sanskrit Language_and_literature.Languages Language_and_literature Languages
Science Everyday_life.Everyday_life Everyday_life Everyday_life
Seawater Geography.Geology_and_geophysics Geography Geology_and_geophysics
Second_Crusade History.Military_History_and_War History Military_History_and_War
Second_Crusade Religion.Religious_disputes Religion Religious_disputes
Silicon Science.Chemistry.Chemical_elements Science Chemistry Chemical_elements
Singapore Countries Countries
Singapore Geography.Geography_of_Asia.Asian_Countries Geography Geography_of_Asia Asian_Countries
Slavery Citizenship.Animal_and_Human_Rights Citizenship Animal_and_Human_Rights
Slovenia Countries Countries
Slovenia Geography.European_Geography.European_Countries Geography European_Geography European_Countries
Sodium Science.Chemistry.Chemical_elements Science Chemistry Chemical_elements
Soil_science Geography.Geology_and_geophysics Geography Geology_and_geophysics
Solar_System Science.Physics.Space_Astronomy Science Physics Space_Astronomy
Spain Countries Countries
Spain Geography.European_Geography.European_Countries Geography European_Geography European_Countries
Spanish_conquest_of_the_Inca_Empire History.General_history History General_history
Special_relativity Science.Physics.General_Physics Science Physics General_Physics
Speed_of_light Science.Physics.General_Physics Science Physics General_Physics
Spider Science.Biology.Insects_Reptiles_and_Fish Science Biology Insects_Reptiles_and_Fish
Sri_Lanka Countries Countries
Sri_Lanka Geography.Geography_of_Asia.Asian_Countries Geography Geography_of_Asia Asian_Countries
Sri_Lankan_Civil_War Citizenship.Conflict_and_Peace Citizenship Conflict_and_Peace
Stonehenge Geography.Geography_of_Great_Britain Geography Geography_of_Great_Britain
Sun Science.Physics.Space_Astronomy Science Physics Space_Astronomy
Sunlight Geography.Climate_and_the_Weather Geography Climate_and_the_Weather
Sweden Countries Countries
Sweden Geography.European_Geography.European_Countries Geography European_Geography European_Countries
Tehran Geography.Geography_of_the_Middle_East Geography Geography_of_the_Middle_East
Television Design_and_Technology.Engineering Design_and_Technology Engineering
Television Everyday_life.Television Everyday_life Television
The_Anarchy History.British_History.British_History_1500_and_before_including_Roman_Britain History British_History British_History_1500_and_before_including_Roman_Britain
The_Origin_of_Species Science.Biology.Evolution_and_reproduction Science Biology Evolution_and_reproduction
The_Supremes Music.Performers_and_composers Music Performers_and_composers
Time Science.Physics.General_Physics Science Physics General_Physics
Tower_of_London Design_and_Technology.Architecture Design_and_Technology Architecture
Trinity_College%2C_Cambridge Citizenship.Education Citizenship Education
Trojan_War History.Ancient_History_Classical_History_and_Mythology History Ancient_History_Classical_History_and_Mythology
Tuna Science.Biology.Insects_Reptiles_and_Fish Science Biology Insects_Reptiles_and_Fish
Turkey Countries Countries
Turkey Geography.European_Geography.European_Countries Geography European_Geography European_Countries
Turkmenistan Countries Countries
Turkmenistan Geography.Geography_of_Asia.Asian_Countries Geography Geography_of_Asia Asian_Countries
Ultraviolet Science.Physics.General_Physics Science Physics General_Physics
United_Kingdom Countries Countries
United_Kingdom Geography.European_Geography.European_Countries Geography European_Geography European_Countries
United_Kingdom Geography.Geography_of_Great_Britain Geography Geography_of_Great_Britain
United_States Countries Countries
United_States Geography.North_American_Geography Geography North_American_Geography
Vegetable Everyday_life.Food_and_agriculture Everyday_life Food_and_agriculture
Vegetable Science.Biology.Plants Science Biology Plants
Viking History.British_History.British_History_1500_and_before_including_Roman_Britain History British_History British_History_1500_and_before_including_Roman_Britain
Viking History.General_history History General_history
Wars_of_the_Roses History.British_History.British_History_1500_and_before_including_Roman_Britain History British_History British_History_1500_and_before_including_Roman_Britain
Wars_of_the_Roses History.Military_History_and_War History Military_History_and_War
Waste_management Citizenship.Environment Citizenship Environment
Water Geography.Climate_and_the_Weather Geography Climate_and_the_Weather
Weather Geography.Climate_and_the_Weather Geography Climate_and_the_Weather
Windsor_Castle Design_and_Technology.Architecture Design_and_Technology Architecture
Windsor_Castle Geography.Geography_of_Great_Britain Geography Geography_of_Great_Britain
World_War_II History.British_History.British_History_Post_1900 History British_History British_History_Post_1900
World_Wide_Web IT.Websites_and_the_Internet IT Websites_and_the_Internet
Zeus Religion.Divinities Religion Divinities
